{
    "name": "mfjs02",
    "problemsize": [
        5,
        3,
        7
    ],
    "n_vars": 760,
    "n_constraints": 1457,
    "cputime": 3600.029000043869,
    "cmax": 446.0,
    "gap": 0.05829596412556054,
    "status": 9
}