{
    "name": "mfjs10",
    "problemsize": [
        12,
        4,
        8
    ],
    "n_vars": 5969,
    "n_constraints": 11768,
    "cputime": 3600.098000049591,
    "cmax": 1320.9999998677995,
    "gap": 0.2853898560980531,
    "status": 9
}