{
    "name": "mfjs09",
    "problemsize": [
        11,
        4,
        8
    ],
    "n_vars": 5076,
    "n_constraints": 9995,
    "cputime": 3601.1349999904633,
    "cmax": 1062.9999998935998,
    "gap": 0.2812793978584459,
    "status": 9
}