{
    "name": "mfjs05",
    "problemsize": [
        7,
        3,
        7
    ],
    "n_vars": 1400,
    "n_constraints": 2715,
    "cputime": 3600.1770000457764,
    "cmax": 513.999999896999,
    "gap": 0.13229571967047787,
    "status": 9
}