{
    "name": "mfjs04",
    "problemsize": [
        7,
        3,
        7
    ],
    "n_vars": 1422,
    "n_constraints": 2758,
    "cputime": 3600.044000148773,
    "cmax": 553.9999420554356,
    "gap": 0.10469304715131511,
    "status": 9
}