{
    "name": "mfjs08",
    "problemsize": [
        9,
        4,
        8
    ],
    "n_vars": 3543,
    "n_constraints": 6954,
    "cputime": 3600.2109999656677,
    "cmax": 896.9999999101999,
    "gap": 0.14827201775196738,
    "status": 9
}