{
    "name": "mfjs06",
    "problemsize": [
        8,
        3,
        7
    ],
    "n_vars": 1767,
    "n_constraints": 3439,
    "cputime": 3600.1259999275208,
    "cmax": 634.0,
    "gap": 0.031545741324921134,
    "status": 9
}