{
    "name": "mfjs07",
    "problemsize": [
        8,
        4,
        7
    ],
    "n_vars": 2863,
    "n_constraints": 5607,
    "cputime": 3600.1139998435974,
    "cmax": 880.9922921377803,
    "gap": 0.13279604507536782,
    "status": 9
}