{
    "name": "sfjs10",
    "problemsize": [
        4,
        3,
        5
    ],
    "n_vars": 345,
    "n_constraints": 651,
    "cputime": 2.937999963760376,
    "cmax": 515.9999999482635,
    "gap": 0.0,
    "status": 2
}