{
    "name": "sfjs08",
    "problemsize": [
        3,
        3,
        4
    ],
    "n_vars": 235,
    "n_constraints": 437,
    "cputime": 0.6979999542236328,
    "cmax": 252.99999997459466,
    "gap": 0.0,
    "status": 2
}