{
    "name": "sfjs03",
    "problemsize": [
        3,
        2,
        2
    ],
    "n_vars": 95,
    "n_constraints": 170,
    "cputime": 0.16299986839294434,
    "cmax": 220.99999997779986,
    "gap": 0.0,
    "status": 2
}